,total_lines,extern_c,link_attrs,no_mangle,unsafe_count,unsafe_fn_count,ffi_file_count,syntax_tree_height,ffi_density_per_kloc,average_file_depth,kernel,driver,sandbox,library,other
device/google/cuttlefish,2906,0,0,1,11,2,6,6,4.817618719889883,3.7142857142857144,0,0,0,1,20
device/google/gs-common,109,0,0,0,0,0,0,3,0.0,2.0,0,0,0,0,1
kernel/common,24078,1,0,1,667,4,69,5,27.9508264806047,2.3714285714285714,73,7,0,3,22
platform/bionic,98,0,0,15,0,0,1,3,153.06122448979593,2.0,0,0,0,1,0
platform/bootable/libbootloader,39013,4,0,49,342,39,50,5,11.124496962550944,3.29126213592233,0,0,0,91,12
platform/build,16091,0,0,4,47,6,9,6,3.5423528680628924,4.0,0,0,0,8,52
platform/developers/build,117,0,0,0,0,0,0,8,0.0,7.0,0,0,0,0,2
platform/developers/samples/android,117,0,0,0,0,0,0,7,0.0,6.0,0,0,0,0,2
platform/development,11572,0,0,1,0,0,1,5,0.08641548565502938,3.823529411764706,0,0,0,12,39
platform/external/angle,1274,0,0,3,22,0,10,7,19.623233908948194,4.448979591836735,0,0,0,23,26
platform/external/clang,30,0,0,0,0,0,0,3,0.0,2.0,0,0,0,0,3
platform/external/flashrom,4080,1,0,1,45,0,2,5,11.519607843137255,3.235294117647059,0,0,0,7,10
platform/external/flatbuffers,40421,0,0,1,715,43,117,5,18.777368199698177,3.2883435582822087,0,0,0,4,159
platform/external/gsc-utils,2081,0,0,0,1,0,2,4,0.4805382027871216,2.6,0,0,0,4,1
platform/external/harfbuzz_ng,488,1,0,0,18,0,1,7,38.9344262295082,5.5,0,0,0,2,0
platform/external/kythe,21399,5,0,0,135,0,9,15,6.542361792607131,4.709677419354839,0,0,0,10,52
platform/external/libchromeos-rs,5586,0,0,0,65,1,10,3,11.815252416756177,1.3846153846153846,0,0,0,1,12
platform/external/mesa3d,56411,0,0,38,514,20,54,8,10.139866338125543,4.336363636363636,2,0,0,12,96
platform/external/minijail,2076,88,0,0,62,0,3,4,72.25433526011561,2.6,0,0,0,3,2
platform/external/n2,8778,1,0,0,52,0,13,4,6.037821827295511,1.3333333333333333,0,0,0,1,41
platform/external/opencv3,192,0,0,0,0,0,0,5,0.0,4.0,0,0,0,0,1
platform/external/open-dice,1804,0,0,0,0,0,1,3,0.0,2.0,0,0,0,1,7
platform/external/pigweed,11974,1,0,1,10,0,10,6,1.002171371304493,2.9,0,0,0,10,40
platform/external/python/bumble,8695,0,0,0,0,0,2,5,0.0,3.1555555555555554,0,5,0,1,39
platform/external/rust/beto-rust,56919,0,0,133,27,5,22,9,2.8988562694355138,4.6655629139072845,0,0,0,41,261
platform/external/rust/crabbyavif,20664,0,0,49,134,50,15,4,11.275648470770422,1.9107142857142858,0,0,0,10,46
platform/external/rust/crates/aarch64-paging,3067,0,0,0,26,2,4,2,9.129442451907401,1.0,0,0,0,1,3
platform/external/rust/crates/acpi,3023,0,0,0,42,1,10,3,14.224280516043665,1.1538461538461537,0,0,0,1,12
platform/external/rust/crates/ahash,4484,0,0,0,8,0,1,2,1.784121320249777,0.9285714285714286,0,0,0,1,13
platform/external/rust/crates/aho-corasick,11850,0,0,0,6,19,4,4,2.109704641350211,1.5714285714285714,0,0,0,1,20
platform/external/rust/crates/android_logger,815,0,0,0,15,0,1,2,18.404907975460123,1.0,0,0,0,1,3
platform/external/rust/crates/android_log-sys,93,1,0,0,0,0,1,2,10.752688172043012,1.0,0,0,0,1,0
platform/external/rust/crates/anes,3304,0,0,0,3,0,1,4,0.9079903147699758,1.6785714285714286,0,0,0,1,27
platform/external/rust/crates/annotate-snippets,3292,0,0,0,0,0,0,3,0.0,1.5,0,0,0,1,19
platform/external/rust/crates/anyhow,5858,0,0,3,74,15,10,3,15.705018777739843,1.2,0,0,0,1,34
platform/external/rust/crates/arbitrary,2887,0,0,0,3,0,1,2,1.0391409767925182,1.0,0,0,0,1,6
platform/external/rust/crates/arc-swap,5725,0,0,0,23,0,12,3,4.017467248908297,1.5,0,0,0,1,25
platform/external/rust/crates/argh,4106,0,0,0,0,0,0,4,0.0,1.8888888888888888,0,0,0,2,7
platform/external/rust/crates/argh_derive,2488,0,0,0,0,0,0,2,0.0,1.0,0,0,0,1,4
platform/external/rust/crates/argh_shared,188,0,0,0,0,0,0,2,0.0,1.0,0,0,0,1,0
platform/external/rust/crates/arrayvec,3315,0,0,0,42,2,4,2,13.273001508295625,1.0,0,0,0,1,10
platform/external/rust/crates/ash,141430,0,0,0,2462,3,82,4,17.429116877607296,2.642857142857143,0,0,0,3,95
platform/external/rust/crates/asn1-rs,11831,0,0,0,0,0,1,4,0.0,2.1666666666666665,0,0,0,1,71
platform/external/rust/crates/asn1-rs-derive,738,0,0,0,0,0,0,2,0.0,1.0,0,0,0,1,4
platform/external/rust/crates/asn1-rs-impl,141,0,0,0,0,0,0,2,0.0,1.0,0,0,0,1,1
platform/external/rust/crates/async-stream,872,0,0,0,1,1,1,3,2.293577981651376,1.3076923076923077,0,0,0,1,12
platform/external/rust/crates/async-stream-impl,304,0,0,0,3,0,1,2,9.868421052631579,1.0,0,0,0,1,0
platform/external/rust/crates/async-task,5389,0,0,0,27,1,7,2,5.195769159398775,1.0,0,0,0,1,20
platform/external/rust/crates/async-trait,3260,0,0,0,2,0,4,3,0.6134969325153374,1.5555555555555556,0,0,0,1,26
platform/external/rust/crates/atomic,1256,0,0,0,19,26,3,2,35.82802547770701,1.0,0,0,0,1,2
platform/external/rust/crates/atty,219,0,0,0,4,2,1,2,27.397260273972602,1.0,0,0,0,1,1
platform/external/rust/crates/axum,17479,0,0,0,0,0,1,4,0.0,1.9322033898305084,0,0,0,1,58
platform/external/rust/crates/axum-core,2922,0,0,0,0,0,1,3,0.0,1.6666666666666667,0,0,0,1,17
platform/external/rust/crates/base64,7523,0,0,0,0,0,3,4,0.0,1.64,0,0,0,1,24
platform/external/rust/crates/bencher,1697,0,0,0,1,0,1,2,0.5892751915144372,0.25,0,0,0,1,3
platform/external/rust/crates/bincode,4669,0,0,0,6,0,1,3,1.285071749839366,1.6428571428571428,0,0,0,1,13
platform/external/rust/crates/bindgen,30178,0,0,0,126,0,8,4,4.175226986546491,1.0178571428571428,0,0,0,2,54
platform/external/rust/crates/bindgen-cli,1191,0,0,0,0,0,1,1,0.0,0.0,0,0,0,0,2
platform/external/rust/crates/bit_field,1057,0,0,0,0,0,0,2,0.0,1.0,0,0,0,1,2
platform/external/rust/crates/bitflags,7460,0,0,0,18,0,4,5,2.412868632707775,2.274193548387097,0,0,0,2,60
platform/external/rust/crates/bitreader,807,0,0,0,0,0,0,2,0.0,1.0,0,0,0,1,1
platform/external/rust/crates/bstr,10978,0,0,0,45,7,17,4,4.736746219712151,1.7352941176470589,0,0,0,1,33
platform/external/rust/crates/buddy_system_allocator,1073,0,0,0,23,0,4,2,21.435228331780056,1.0,0,0,0,1,4
platform/external/rust/crates/bytemuck,4793,0,0,0,95,18,19,2,23.57604840392239,1.0,0,0,0,1,22
platform/external/rust/crates/bytemuck_derive,1701,0,0,0,1,0,3,2,0.5878894767783657,1.0,0,0,0,1,2
platform/external/rust/crates/byteorder,5968,0,0,0,46,1,2,2,7.875335120643432,1.0,0,0,0,1,2
platform/external/rust/crates/bytes,10191,0,0,0,75,24,12,3,9.71445392993818,1.4242424242424243,0,0,0,1,32
platform/external/rust/crates/camino,3471,0,0,0,28,1,1,2,8.354940939210602,0.8333333333333334,0,0,0,1,5
platform/external/rust/crates/cast,750,0,0,0,0,0,1,2,0.0,1.0,0,0,0,1,1
platform/external/rust/crates/cbindgen,18873,2,0,213,3,29,134,7,13.087479468023101,2.579646017699115,0,0,0,32,194
platform/external/rust/crates/cesu8,490,0,0,0,2,0,1,2,4.081632653061225,1.0,0,0,0,1,1
platform/external/rust/crates/cexpr,1503,0,0,0,2,4,1,2,3.992015968063872,1.0,0,0,0,1,4
platform/external/rust/crates/cfg-if,194,0,0,0,0,0,0,2,0.0,1.0,0,0,0,1,1
platform/external/rust/crates/chrono,31295,0,0,0,6,0,5,5,0.19172391755871546,2.227272727272727,0,0,0,1,43
platform/external/rust/crates/ciborium,5518,1,0,0,7,0,1,3,1.4498006524102935,1.5,0,0,0,1,19
platform/external/rust/crates/ciborium-io,267,0,0,0,0,0,0,2,0.0,1.0,0,0,0,1,0
platform/external/rust/crates/ciborium-ll,1167,0,0,0,0,0,0,2,0.0,1.0,0,0,0,1,4
platform/external/rust/crates/clang-sys,4848,0,0,0,7,0,4,2,1.4438943894389438,0.9230769230769231,0,0,0,2,11
platform/external/rust/crates/clap,63500,0,0,0,0,0,2,5,0.0,2.384297520661157,0,0,0,2,240
platform/external/rust/crates/clap_complete,3368,0,0,0,0,0,1,4,0.0,1.9047619047619047,0,0,0,1,20
platform/external/rust/crates/clap_derive,4122,0,0,0,0,0,1,3,0.0,1.6875,0,0,0,1,15
platform/external/rust/crates/clap_lex,490,0,0,0,0,0,0,2,0.0,1.0,0,0,0,1,0
platform/external/rust/crates/codespan-reporting,4721,0,0,0,1,0,2,3,0.21181952976064394,1.3333333333333333,0,0,0,1,14
platform/external/rust/crates/combine,19885,0,0,0,12,0,4,3,0.6034699522252955,1.5945945945945945,0,0,0,1,36
platform/external/rust/crates/command-fds,535,0,0,0,6,0,3,2,11.214953271028037,1.0,0,0,0,1,2
platform/external/rust/crates/config,8959,0,0,0,0,0,0,4,0.0,1.6923076923076923,0,0,0,1,64
platform/external/rust/crates/configparser,2011,0,0,0,0,0,0,2,0.0,1.0,0,0,0,1,2
platform/external/rust/crates/const_fn,643,0,0,0,0,0,3,2,0.0,0.8571428571428571,0,0,0,1,6
platform/external/rust/crates/const-oid,5446,0,0,0,0,0,1,3,0.0,1.1111111111111112,0,0,0,2,7
platform/external/rust/crates/cortex-a,4951,0,0,0,9,3,4,3,2.423752777216724,1.9444444444444444,0,0,0,1,53
platform/external/rust/crates/coset,10547,0,0,0,0,0,0,3,0.0,1.8695652173913044,0,0,0,1,22
platform/external/rust/crates/cov-mark,276,0,0,0,0,0,0,2,0.0,1.0,0,0,0,1,1
platform/external/rust/crates/crc32fast,1473,0,0,0,2,6,2,3,5.431093007467752,1.2222222222222223,0,0,0,1,8
platform/external/rust/crates/criterion,13230,0,0,0,7,0,6,5,0.5291005291005292,2.1739130434782608,1,0,0,1,67
platform/external/rust/crates/criterion-plot,2998,0,0,0,0,0,0,2,0.0,1.0,0,0,0,1,13
platform/external/rust/crates/critical-section,579,0,0,0,5,2,3,2,12.089810017271159,1.0,0,0,0,1,2
platform/external/rust/crates/crossbeam-channel,19472,0,0,0,41,2,12,3,2.2082990961380444,1.2058823529411764,0,0,0,1,33
platform/external/rust/crates/crossbeam-deque,3607,0,0,0,27,0,1,2,7.48544496811755,1.0,0,0,0,1,5
platform/external/rust/crates/crossbeam-epoch,5251,0,0,0,141,1,11,3,27.042468101314036,1.2352941176470589,0,0,0,1,16
platform/external/rust/crates/crossbeam-queue,1691,0,0,0,13,0,2,2,7.68775872264932,1.0,0,0,0,1,4
platform/external/rust/crates/crossbeam-utils,5416,0,0,0,56,4,7,3,11.078286558345642,1.2916666666666667,0,0,0,1,23
platform/external/rust/crates/csv,14390,0,0,0,4,0,1,2,0.27797081306462823,1.0,0,0,0,1,48
platform/external/rust/crates/csv-core,3373,0,0,0,0,0,0,2,0.0,1.0,0,0,0,1,3
platform/external/rust/crates/darling,2850,0,0,0,0,0,0,3,0.0,1.1914893617021276,0,0,0,2,45
platform/external/rust/crates/darling_core,9241,0,0,0,0,0,1,3,0.0,1.8181818181818181,0,0,0,1,65
platform/external/rust/crates/darling_macro,40,0,0,0,0,0,0,2,0.0,1.0,0,0,0,1,0
platform/external/rust/crates/dashmap,4603,0,0,0,72,2,11,3,16.076471866174234,1.4761904761904763,0,0,0,1,20
platform/external/rust/crates/data-encoding,2511,0,0,0,11,2,1,2,5.177220230983672,1.0,0,0,0,1,0
platform/external/rust/crates/debug_tree,2250,0,0,0,0,0,0,2,0.0,1.0,0,0,0,1,12
platform/external/rust/crates/der,12095,0,0,0,0,0,1,4,0.0,1.6140350877192982,0,0,0,1,56
platform/external/rust/crates/der_derive,2789,0,0,0,0,0,1,3,0.0,1.2,0,0,0,1,9
platform/external/rust/crates/derive_arbitrary,586,0,0,0,0,0,0,2,0.0,1.0,0,0,0,1,2
platform/external/rust/crates/derive-getters,1267,0,0,0,0,0,0,2,0.0,1.0,0,0,0,2,12
platform/external/rust/crates/der-oid-macro,90,0,0,0,0,0,0,2,0.0,1.0,0,0,0,1,0
platform/external/rust/crates/der-parser,8568,0,0,0,0,0,1,3,0.0,1.5,0,0,0,1,23
platform/external/rust/crates/displaydoc,1493,0,0,10,10,0,10,3,13.395847287340924,1.5714285714285714,0,0,0,1,20
platform/external/rust/crates/document-features,914,0,0,0,0,0,0,2,0.0,0.5,0,0,0,1,1
platform/external/rust/crates/downcast,669,0,0,0,0,0,0,2,0.0,1.0,0,0,0,1,4
platform/external/rust/crates/downcast-rs,709,0,0,0,0,0,1,2,0.0,1.0,0,0,0,1,2
platform/external/rust/crates/drm,4223,0,0,0,29,2,12,3,7.340753019180677,1.5217391304347827,0,0,0,1,22
platform/external/rust/crates/drm-ffi,1836,0,0,0,76,0,6,2,41.394335511982575,1.0,0,0,0,1,5
platform/external/rust/crates/drm-fourcc,1219,0,0,0,0,0,0,2,0.0,0.75,0,0,0,1,3
platform/external/rust/crates/either,1673,0,0,0,2,0,1,2,1.195457262402869,1.0,0,0,0,1,2
platform/external/rust/crates/enum-as-inner,870,0,0,0,0,0,0,2,0.0,1.0,0,0,0,1,6
platform/external/rust/crates/enumn,258,0,0,0,0,0,0,2,0.0,1.0,0,0,0,1,1
platform/external/rust/crates/env_logger,4453,0,0,0,0,0,0,5,0.0,1.92,0,0,0,1,24
platform/external/rust/crates/epoll,188,0,0,0,4,0,1,2,21.27659574468085,1.0,0,0,0,1,0
platform/external/rust/crates/equivalent,117,0,0,0,0,0,0,2,0.0,1.0,0,0,0,1,0
platform/external/rust/crates/errno,430,2,0,0,12,0,3,2,32.55813953488372,1.0,0,0,0,1,4
platform/external/rust/crates/etherparse,67229,0,0,0,292,6,57,4,4.4326109268321705,2.248730964467005,0,0,0,1,196
platform/external/rust/crates/fallible-iterator,3061,0,0,0,0,0,0,2,0.0,1.0,0,0,0,1,1
platform/external/rust/crates/fallible-streaming-iterator,899,0,0,0,0,0,0,2,0.0,1.0,0,0,0,1,0
platform/external/rust/crates/fastrand,968,0,0,0,0,0,1,2,0.0,1.0,0,0,0,1,3
platform/external/rust/crates/fixedbitset,3771,0,0,0,65,0,5,3,17.236807212940867,1.6,0,0,0,1,9
platform/external/rust/crates/flagset,1290,0,0,0,2,0,1,2,1.550387596899225,1.0,0,0,0,1,0
platform/external/rust/crates/flate2,7069,0,0,0,13,0,2,3,1.8390154194369783,1.3191489361702127,0,0,0,11,36
platform/external/rust/crates/fnv,367,0,0,0,0,0,0,1,0.0,0.0,0,0,0,1,0
platform/external/rust/crates/foreign-types,306,0,0,0,10,0,1,2,32.67973856209151,1.0,0,0,0,1,0
platform/external/rust/crates/foreign-types-shared,51,0,0,0,0,0,1,2,0.0,1.0,0,0,0,1,0
platform/external/rust/crates/form_urlencoded,416,0,0,0,2,0,1,2,4.807692307692308,1.0,0,0,0,1,0
platform/external/rust/crates/fragile,1414,0,0,0,20,0,4,2,14.144271570014144,1.0,0,0,0,1,8
platform/external/rust/crates/fs-err,2112,0,0,0,0,0,0,3,0.0,1.4,0,0,0,1,14
platform/external/rust/crates/futures,8910,0,0,0,0,0,0,2,0.0,1.0,0,0,0,1,59
platform/external/rust/crates/futures-channel,3704,0,0,0,9,0,3,3,2.429805615550756,1.25,0,0,0,1,11
platform/external/rust/crates/futures-core,815,0,0,0,3,0,2,4,3.6809815950920246,1.8571428571428572,0,0,0,1,6
platform/external/rust/crates/futures-executor,1680,0,0,0,2,0,2,2,1.1904761904761907,1.0,0,0,0,1,6
platform/external/rust/crates/futures-io,558,0,0,0,0,0,0,2,0.0,1.0,0,0,0,1,0
platform/external/rust/crates/futures-macro,704,0,0,0,2,0,2,2,2.840909090909091,1.0,0,0,0,1,4
platform/external/rust/crates/futures-sink,240,0,0,0,2,0,1,2,8.333333333333334,1.0,0,0,0,1,0
platform/external/rust/crates/futures-task,814,0,0,0,14,9,4,2,28.255528255528258,1.0,0,0,0,1,6
platform/external/rust/crates/futures-test,1785,0,0,0,4,3,2,4,3.9215686274509802,1.85,0,0,0,1,19
platform/external/rust/crates/futures-util,25896,0,0,0,64,1,22,4,2.5100401606425704,2.375,0,0,0,1,183
platform/external/rust/crates/fxhash,402,0,0,0,0,0,0,1,0.0,0.0,0,0,0,1,1
platform/external/rust/crates/gbm,1466,0,0,0,54,1,4,2,37.51705320600273,1.0,0,0,0,1,3
platform/external/rust/crates/gdbstub,13689,0,0,0,7,0,6,5,0.5113594857184601,2.806896551724138,0,0,0,5,140
platform/external/rust/crates/gdbstub_arch,4045,0,0,0,0,0,0,4,0.0,2.7,0,0,0,1,29
platform/external/rust/crates/getrandom,2005,7,0,0,54,7,27,3,33.915211970074814,1.0303030303030303,0,0,0,2,31
platform/external/rust/crates/glam,121147,0,0,0,681,15,69,4,5.7450865477477775,1.9261363636363635,0,0,0,1,175
platform/external/rust/crates/glob,1811,0,0,0,0,0,0,2,0.0,1.0,0,0,0,1,1
platform/external/rust/crates/googletest,17804,0,0,0,0,0,0,3,0.0,1.7428571428571429,0,0,0,2,68
platform/external/rust/crates/googletest_macro,165,0,0,0,0,0,0,2,0.0,1.0,0,0,0,1,0
platform/external/rust/crates/gpio-cdev,1928,0,0,0,28,2,4,2,15.560165975103734,1.0,0,0,0,1,14
platform/external/rust/crates/grpcio,7181,0,0,0,151,2,17,3,21.306224759782758,1.434782608695652,0,0,0,1,22
platform/external/rust/crates/grpcio-compiler,1469,0,0,0,0,0,1,3,0.0,1.3333333333333333,0,0,0,1,5
platform/external/rust/crates/grpcio-sys,8308,676,0,0,1,0,3,2,81.48772267693789,0.7142857142857143,0,0,0,1,6
platform/external/rust/crates/h2,25312,0,0,0,1,0,3,4,0.039506953223767384,2.109090909090909,0,0,0,1,54
platform/external/rust/crates/half,7886,0,0,0,55,0,4,3,6.974384986051231,1.2,0,0,0,1,9
platform/external/rust/crates/hashbrown,17997,0,0,0,128,1,12,4,7.1678613102183695,1.7083333333333333,0,0,0,1,23
platform/external/rust/crates/hashlink,4787,0,0,0,36,9,1,2,9.400459578023815,1.0,0,0,0,1,8
platform/external/rust/crates/heck,859,0,0,0,0,0,1,2,0.0,1.0,0,0,0,1,8
platform/external/rust/crates/hex,817,0,0,0,0,0,0,2,0.0,1.0,0,0,0,1,5
platform/external/rust/crates/hickory-proto,47393,0,0,0,0,0,2,5,0.0,2.664516129032258,0,0,0,2,153
platform/external/rust/crates/hound,3369,0,0,0,4,0,1,2,1.1872959335114277,1.0,0,0,0,1,7
platform/external/rust/crates/http,14754,0,0,0,42,1,10,3,2.9144638742036055,1.4583333333333333,0,0,0,1,23
platform/external/rust/crates/httparse,6988,0,0,0,34,14,6,3,6.868918145392101,1.3,0,0,0,1,9
platform/external/rust/crates/http-body,1614,0,0,0,4,0,1,3,2.4783147459727384,1.3333333333333333,0,0,0,1,11
platform/external/rust/crates/httpdate,637,0,0,0,0,0,1,2,0.0,1.0,0,0,0,1,2
platform/external/rust/crates/hyper,27332,0,0,0,46,1,18,4,1.7195960778574564,2.1690140845070425,0,0,0,1,70
platform/external/rust/crates/hyper-timeout,404,0,0,0,0,0,0,2,0.0,1.0,0,0,0,1,2
platform/external/rust/crates/ident_case,168,0,0,0,0,0,0,2,0.0,1.0,0,0,0,1,0
platform/external/rust/crates/idna,16936,0,0,0,0,0,0,2,0.0,1.0,0,0,0,1,8
platform/external/rust/crates/indexmap,8735,0,0,0,9,0,4,4,1.030337721808815,1.2173913043478262,0,0,0,1,22
platform/external/rust/crates/inotify,2223,0,0,0,15,0,7,2,6.747638326585696,1.0,0,0,0,1,9
platform/external/rust/crates/inotify-sys,713,0,0,0,0,0,0,2,0.0,1.0,0,0,0,1,0
platform/external/rust/crates/instant,328,0,0,0,2,0,1,2,6.097560975609756,1.0,0,0,0,1,3
platform/external/rust/crates/intrusive-collections,10843,0,0,0,145,25,10,2,15.678317808724522,1.0,0,0,0,1,10
platform/external/rust/crates/ipnet,3975,0,0,0,0,0,0,2,0.0,1.0,0,0,0,1,6
platform/external/rust/crates/itertools,17266,0,0,0,6,0,2,3,0.34750376462411675,1.0869565217391304,0,0,0,1,68
platform/external/rust/crates/itoa,432,0,0,0,5,0,1,2,11.574074074074073,1.0,0,0,0,1,3
platform/external/rust/crates/jni,19741,0,0,0,220,2,61,5,11.245630920419432,2.7,0,0,0,2,118
platform/external/rust/crates/jni-sys,1515,0,0,0,0,0,1,2,0.0,1.0,0,0,0,1,0
platform/external/rust/crates/kernlog,193,0,0,0,1,0,1,2,5.181347150259067,1.0,0,0,0,1,0
platform/external/rust/crates/lazy_static,488,0,0,0,2,0,2,2,4.0983606557377055,1.0,0,0,0,1,4
platform/external/rust/crates/lazycell,767,0,0,0,12,0,1,2,15.645371577574968,1.0,0,0,0,1,1
platform/external/rust/crates/libbpf-rs,11456,0,0,1,337,0,21,3,29.504189944134076,1.08,0,0,0,1,24
platform/external/rust/crates/libbpf-sys,8010,324,0,0,325,0,2,2,81.02372034956305,0.8,0,0,0,1,4
platform/external/rust/crates/libc,121294,102,0,0,207,90,84,8,3.289527923887414,4.827004219409282,0,0,0,27,210
platform/external/rust/crates/libfuzzer-sys,572,1,0,0,3,0,1,2,6.993006993006993,0.5,0,0,0,1,1
platform/external/rust/crates/libloading,2698,1,0,6,49,2,9,4,21.49740548554485,1.4666666666666666,0,0,0,2,13
platform/external/rust/crates/libm,13375,0,0,0,22,0,14,3,1.6448598130841123,1.967479674796748,0,0,0,2,121
platform/external/rust/crates/libsqlite3-sys,24769,886,0,0,3,408,7,2,52.36384189914813,0.875,0,0,0,1,7
platform/external/rust/crates/libtest-mimic,2047,0,0,0,0,0,0,3,0.0,1.1818181818181819,0,0,0,1,10
platform/external/rust/crates/libusb1-sys,1240,1,0,0,23,13,2,2,29.838709677419356,0.75,0,0,0,1,3
platform/external/rust/crates/libz-sys,604,3,0,0,0,0,1,2,4.966887417218543,0.3333333333333333,0,0,0,1,2
platform/external/rust/crates/linked-hash-map,1770,0,0,0,59,1,2,2,33.898305084745765,1.0,0,0,0,1,2
platform/external/rust/crates/linkme,732,0,0,0,2,1,2,3,4.0983606557377055,1.411764705882353,0,0,0,1,16
platform/external/rust/crates/linkme-impl,763,0,0,0,1,0,2,2,1.3106159895150722,1.0,0,0,0,1,6
platform/external/rust/crates/litrs,4365,0,0,0,0,0,0,3,0.0,1.6666666666666667,0,0,0,1,20
platform/external/rust/crates/lock_api,5017,0,0,0,202,0,4,2,40.2631054414989,0.8,0,0,0,1,4
platform/external/rust/crates/log,4827,0,0,0,5,1,2,3,1.243008079552517,1.3636363636363635,0,0,0,1,10
platform/external/rust/crates/lru-cache,579,0,0,0,0,0,0,2,0.0,1.0,0,0,0,1,1
platform/external/rust/crates/lz4_flex,4422,0,0,0,66,3,7,3,15.603799185888738,1.6923076923076923,0,0,0,1,12
platform/external/rust/crates/macaddr,989,0,0,0,0,0,1,3,0.0,1.3333333333333333,0,0,0,1,5
platform/external/rust/crates/managed,1714,0,0,0,0,0,0,2,0.0,1.0,0,0,0,1,4
platform/external/rust/crates/maplit,389,0,0,0,0,0,0,2,0.0,1.0,0,0,0,1,1
platform/external/rust/crates/matchit,2437,0,0,0,4,0,2,2,1.6413623307345095,1.0,0,0,0,1,7
platform/external/rust/crates/maybe-async,1505,0,0,0,0,3,3,4,1.9933554817275745,1.875,0,0,0,1,15
platform/external/rust/crates/memoffset,1008,0,0,0,8,0,2,2,7.936507936507936,0.8,0,0,0,1,4
platform/external/rust/crates/merge_derive,156,0,0,0,0,0,0,2,0.0,1.0,0,0,0,1,0
platform/external/rust/crates/mime,1492,0,0,0,1,0,1,2,0.6702412868632708,1.0,0,0,0,1,4
platform/external/rust/crates/minimal-lexical,7718,0,0,0,31,0,9,2,4.016584607411247,1.0,0,0,0,3,28
platform/external/rust/crates/mls-rs,42786,0,0,0,0,0,0,4,0.0,1.8981481481481481,0,0,0,1,107
platform/external/rust/crates/mls-rs-codec-derive,337,0,0,0,0,0,0,2,0.0,1.0,0,0,0,1,0
platform/external/rust/crates/mls-rs-core,3588,1,0,0,0,0,1,3,0.2787068004459309,1.4782608695652173,0,0,0,1,22
platform/external/rust/crates/mls-rs-crypto-traits,424,0,0,0,0,0,0,2,0.0,1.0,0,0,0,1,6
platform/external/rust/crates/mls-rs-uniffi,1202,0,0,0,0,0,0,3,0.0,1.25,0,0,0,1,3
platform/external/rust/crates/mockall,1852,0,0,0,0,0,1,2,0.0,1.0,0,0,0,1,1
platform/external/rust/crates/nom,18897,0,0,0,6,0,1,3,0.3175107159866646,1.5116279069767442,0,0,0,1,42
platform/external/rust/crates/no-panic,650,0,0,0,1,0,1,3,1.5384615384615385,1.6,0,0,0,1,4
platform/external/rust/crates/num_cpus,1086,0,0,0,18,0,2,2,16.574585635359114,1.0,0,0,0,1,2
platform/external/rust/crates/num_enum,1737,0,0,0,6,0,3,6,3.454231433506045,3.0,0,0,0,1,44
platform/external/rust/crates/num_enum_derive,1296,0,0,0,3,0,1,2,2.314814814814815,1.0,0,0,0,1,4
platform/external/rust/crates/num-bigint,16040,0,0,0,7,0,5,3,0.43640897755610975,1.5333333333333334,0,0,0,1,44
platform/external/rust/crates/num-derive,1268,0,0,0,0,0,0,2,0.0,1.0,0,0,0,1,10
platform/external/rust/crates/octets,1284,0,0,0,2,0,1,2,1.557632398753894,1.0,0,0,0,1,0
platform/external/rust/crates/oid-registry,811,0,0,0,0,0,1,2,0.0,0.75,0,0,0,1,3
platform/external/rust/crates/os_str_bytes,3095,0,0,0,8,0,4,4,2.5848142164781907,1.9333333333333333,0,0,0,1,14
platform/external/rust/crates/p9,4280,0,0,0,34,0,3,3,7.94392523364486,1.75,0,0,0,1,7
platform/external/rust/crates/parking_lot,5116,0,0,0,41,1,9,2,8.209538702111024,1.0,0,0,0,1,13
platform/external/rust/crates/parking_lot_core,3694,0,0,0,56,8,15,4,17.325392528424473,1.8333333333333333,0,0,0,1,17
platform/external/rust/crates/paste-impl,576,0,0,0,0,0,0,2,0.0,1.0,0,0,0,1,2
platform/external/rust/crates/pdl-compiler,49034,0,0,0,0,0,3,4,0.0,2.896039603960396,0,0,0,1,201
platform/external/rust/crates/percore,251,0,0,0,4,1,3,3,19.9203187250996,1.25,0,0,0,1,3
platform/external/rust/crates/pest_derive,1809,0,0,0,0,0,0,2,0.0,1.0,0,0,0,1,8
platform/external/rust/crates/pest_meta,5883,0,0,0,0,0,1,3,0.0,1.6153846153846154,0,0,0,1,12
platform/external/rust/crates/petgraph,27797,0,0,0,7,2,4,4,0.32377594704464513,1.4050632911392404,0,0,0,1,78
platform/external/rust/crates/pin-project-internal,2660,0,0,0,3,0,4,3,1.1278195488721805,1.5714285714285714,0,0,0,1,6
platform/external/rust/crates/pin-project-lite,5397,0,0,0,44,0,19,4,8.152677413377804,2.7142857142857144,0,0,0,1,55
platform/external/rust/crates/pin-utils,193,0,0,0,3,0,4,2,15.544041450777202,1.0,0,0,0,1,4
platform/external/rust/crates/plotters,19536,0,0,0,1,0,1,5,0.05118755118755119,2.1714285714285713,0,0,0,1,104
platform/external/rust/crates/plotters-backend,1562,0,0,0,0,0,0,3,0.0,1.6666666666666667,0,0,0,1,8
platform/external/rust/crates/plotters-svg,849,0,0,0,0,0,0,2,0.0,1.0,0,0,0,1,1
platform/external/rust/crates/poll_token_derive,240,0,0,0,0,0,0,1,0.0,0.0,0,0,0,0,2
platform/external/rust/crates/portable-atomic,24842,1,0,0,350,88,40,4,17.67168504951292,2.5,0,0,0,1,47
platform/external/rust/crates/ppv-lite86,3800,0,0,0,135,2,6,3,36.05263157894737,1.3333333333333333,0,0,0,1,5
platform/external/rust/crates/predicates,3679,0,0,0,0,0,3,3,0.0,1.52,0,0,0,1,24
platform/external/rust/crates/predicates-core,309,0,0,0,0,0,0,2,0.0,1.0,0,0,0,1,2
platform/external/rust/crates/predicates-tree,133,0,0,0,0,0,0,2,0.0,1.0,0,0,0,1,1
platform/external/rust/crates/prettyplease,7493,0,0,0,16,0,8,2,2.1353263045509143,0.9583333333333334,0,0,0,1,23
platform/external/rust/crates/proc-macro2,5862,0,0,0,1,0,3,2,0.17059024223814398,0.9375,0,0,0,1,15
platform/external/rust/crates/proc-macro-error,1607,0,0,0,0,0,1,3,0.0,1.6153846153846154,0,0,0,1,25
platform/external/rust/crates/proc-macro-error-attr,287,0,0,0,0,0,0,2,0.0,0.75,0,0,0,1,3
platform/external/rust/crates/proc-macro-hack,1105,0,0,0,0,0,0,3,0.0,1.2727272727272727,0,0,0,1,10
platform/external/rust/crates/proc-macro-nested,196,0,0,0,0,0,0,2,0.0,0.6666666666666666,0,0,0,1,2
platform/external/rust/crates/protobuf,67234,0,0,0,85,2,24,6,1.2939881607520005,2.3482587064676617,0,0,0,2,199
platform/external/rust/crates/protobuf-codegen,14979,0,0,0,0,0,3,4,0.0,2.2285714285714286,0,0,0,2,68
platform/external/rust/crates/protobuf-json-mapping,2465,0,0,0,1,0,1,2,0.4056795131845842,1.0,0,0,0,1,6
platform/external/rust/crates/protobuf-parse,6312,0,0,0,5,0,5,4,0.7921419518377693,1.5714285714285714,0,0,0,1,27
platform/external/rust/crates/protobuf-support,1521,0,0,0,0,0,0,3,0.0,1.7333333333333334,0,0,0,1,14
platform/external/rust/crates/psci,1056,0,0,0,4,0,1,4,3.787878787878788,1.75,0,0,0,1,7
platform/external/rust/crates/ptr_meta,478,0,0,0,8,0,1,2,16.736401673640167,1.0,0,0,0,1,1
platform/external/rust/crates/ptr_meta_derive,96,0,0,0,0,0,0,2,0.0,1.0,0,0,0,1,0
platform/external/rust/crates/quiche,55848,0,0,126,147,0,7,5,4.888268156424581,1.813953488372093,0,0,0,1,42
platform/external/rust/crates/quickcheck,2608,0,0,0,0,0,0,2,0.0,1.0,0,0,0,1,9
platform/external/rust/crates/quote,3225,0,0,0,0,0,0,3,0.0,1.4375,0,0,0,1,15
platform/external/rust/crates/rand,8607,0,0,0,16,0,8,4,1.8589520158010922,2.0,0,0,0,1,25
platform/external/rust/crates/rand_chacha,938,0,0,0,1,0,1,2,1.0660980810234542,1.0,0,0,0,1,2
platform/external/rust/crates/rand_core,1646,0,0,0,2,0,1,2,1.215066828675577,1.0,0,0,0,1,5
platform/external/rust/crates/rand_xorshift,206,0,0,0,0,0,0,2,0.0,1.0,0,0,0,1,1
platform/external/rust/crates/rayon,27323,0,0,0,46,6,12,4,1.903158511144457,1.7787610619469028,0,0,0,1,112
platform/external/rust/crates/rayon-core,7423,0,0,0,43,7,10,3,6.735821096591674,1.5294117647058822,0,0,0,1,33
platform/external/rust/crates/regex,21247,0,0,0,10,0,3,3,0.4706546806607992,1.0317460317460319,0,0,0,1,62
platform/external/rust/crates/regex-automata,10437,0,0,0,14,0,7,3,1.341381623071764,1.173913043478261,0,0,0,1,22
platform/external/rust/crates/regex-syntax,51762,0,0,0,0,0,1,4,0.0,1.8125,0,0,0,1,31
platform/external/rust/crates/remain,1175,0,0,0,0,0,0,3,0.0,1.52,0,0,0,1,24
platform/external/rust/crates/remove_dir_all,415,0,0,0,1,0,1,2,2.4096385542168677,1.0,0,0,0,1,4
platform/external/rust/crates/ring,22588,0,0,0,123,1,33,5,5.48964051708872,1.9611650485436893,0,0,0,1,102
platform/external/rust/crates/rusb,6968,0,0,0,89,2,12,2,13.059701492537313,0.9523809523809523,0,0,0,2,19
platform/external/rust/crates/rusqlite,18151,0,0,0,206,43,32,3,13.71825243788221,1.4081632653061225,0,0,0,1,48
platform/external/rust/crates/rustc-demangle,2510,0,0,0,1,0,1,2,0.39840637450199207,1.0,0,0,0,1,2
platform/external/rust/crates/rustc-demangle-capi,288,0,0,1,8,3,1,2,41.666666666666664,1.0,0,0,0,1,0
platform/external/rust/crates/rustc-hash,148,0,0,0,0,0,0,2,0.0,1.0,0,0,0,1,0
platform/external/rust/crates/rusticata-macros,663,0,0,0,0,0,1,2,0.0,1.0,0,0,0,1,5
platform/external/rust/crates/rustix,64827,4,0,0,965,365,152,7,20.57784565073195,3.0784313725490198,0,0,0,77,229
platform/external/rust/crates/rust-stemmers,24161,0,0,0,0,0,0,4,0.0,2.75,0,0,0,1,23
platform/external/rust/crates/rustversion,1377,0,0,0,1,1,2,3,1.4524328249818446,1.2083333333333333,0,0,0,1,23
platform/external/rust/crates/ryu,3972,0,0,0,20,9,13,3,7.30110775427996,1.1851851851851851,0,0,0,1,26
platform/external/rust/crates/same-file,950,0,0,0,3,0,1,2,3.1578947368421053,1.0,0,0,0,1,5
platform/external/rust/crates/scopeguard,626,0,0,0,3,0,1,2,4.792332268370607,1.0,0,0,0,1,1
platform/external/rust/crates/sec1,1456,0,0,0,0,0,1,2,0.0,1.0,0,0,0,1,7
platform/external/rust/crates/semver,3167,0,0,0,39,4,4,3,13.577518155983581,1.0588235294117647,0,0,0,1,16
platform/external/rust/crates/serde,15850,0,0,0,2,0,2,3,0.12618296529968456,1.7142857142857142,0,0,0,1,20
platform/external/rust/crates/serde_cbor,6445,0,0,0,0,0,0,3,0.0,1.15,0,0,0,1,19
platform/external/rust/crates/serde_derive,8509,0,0,0,0,0,0,3,0.0,1.4210526315789473,0,0,0,1,18
platform/external/rust/crates/serde_json,21782,0,0,0,7,0,4,3,0.3213662657239923,1.7246376811594204,0,0,0,1,68
platform/external/rust/crates/serde_spanned,250,0,0,0,0,0,1,2,0.0,1.0,0,0,0,1,1
platform/external/rust/crates/serde_test,2979,0,0,0,0,0,0,2,0.0,1.0,0,0,0,1,6
platform/external/rust/crates/serde_yaml,13321,0,0,0,50,4,8,3,4.053749718489603,1.5357142857142858,0,0,0,8,20
platform/external/rust/crates/serde-xml-rs,3753,0,0,0,0,0,0,3,0.0,1.6111111111111112,0,0,0,1,17
platform/external/rust/crates/sharded-slab,7295,0,0,0,43,0,6,3,5.894448252227553,1.4,0,0,0,1,19
platform/external/rust/crates/shared_child,634,0,0,0,5,0,3,3,7.886435331230284,1.6,0,0,0,1,4
platform/external/rust/crates/shared_library,585,0,0,0,13,0,2,2,22.22222222222222,1.0,0,0,0,2,0
platform/external/rust/crates/shlex,934,0,0,0,4,0,1,2,4.282655246252677,1.0,0,0,0,1,1
platform/external/rust/crates/siphasher,1789,0,0,0,7,2,2,2,5.030743432084964,1.0,0,0,0,1,4
platform/external/rust/crates/slab,2522,0,0,0,3,0,1,2,1.189532117367169,0.8333333333333334,0,0,0,1,5
platform/external/rust/crates/smallvec,3938,0,0,0,42,1,2,2,10.919248349415946,1.0,0,0,0,1,6
platform/external/rust/crates/smccc,1063,0,0,0,4,0,1,3,3.7629350893697087,1.5,0,0,0,1,7
platform/external/rust/crates/smoltcp,52219,0,0,0,22,0,7,5,0.4213025910109347,2.0865384615384617,0,0,0,1,103
platform/external/rust/crates/socket2,7651,0,0,0,188,6,6,3,25.35616259312508,1.3333333333333333,0,0,0,1,5
platform/external/rust/crates/spin,4899,0,0,0,66,0,7,3,13.472137170851195,1.25,0,0,0,1,11
platform/external/rust/crates/spki,1043,0,0,0,0,0,1,2,0.0,1.0,0,0,0,1,7
platform/external/rust/crates/standback,3334,0,0,0,27,0,9,3,8.098380323935212,1.2173913043478262,0,0,0,1,22
platform/external/rust/crates/static_assertions,1136,0,0,0,1,0,1,2,0.8802816901408451,1.0,0,0,0,1,9
platform/external/rust/crates/strsim,1473,0,0,0,0,0,1,2,0.0,1.0,0,0,0,2,1
platform/external/rust/crates/structopt,6453,0,0,0,0,0,1,3,0.0,1.4024390243902438,0,0,0,1,81
platform/external/rust/crates/structopt-derive,2302,0,0,0,0,0,1,2,0.0,1.0,0,0,0,1,5
platform/external/rust/crates/strum,337,0,0,0,0,0,0,2,0.0,1.0,0,0,0,1,1
platform/external/rust/crates/strum_macros,2877,0,0,0,0,0,0,4,0.0,2.1904761904761907,0,0,0,1,20
platform/external/rust/crates/syn,55568,0,0,0,28,0,20,3,0.5038871292830406,1.1868131868131868,0,0,0,1,90
platform/external/rust/crates/sync_wrapper,252,0,0,0,3,0,1,2,11.904761904761903,1.0,0,0,0,1,0
platform/external/rust/crates/syn-mid,1070,0,0,0,0,0,2,2,0.0,1.0,0,0,0,1,4
platform/external/rust/crates/synstructure,2738,0,0,0,0,0,1,2,0.0,1.0,0,0,0,1,1
platform/external/rust/crates/tempfile,3443,0,0,0,4,0,3,4,1.1617775196049958,1.6428571428571428,0,0,0,1,13
platform/external/rust/crates/termcolor,2572,0,0,0,0,0,0,2,0.0,1.0,0,0,0,1,0
platform/external/rust/crates/terminal-size,256,0,0,0,7,0,3,2,27.34375,1.0,0,0,0,1,3
platform/external/rust/crates/termtree,290,0,0,0,0,0,0,2,0.0,1.0,0,0,0,1,2
platform/external/rust/crates/textwrap,4698,0,0,0,0,0,1,3,0.0,1.0909090909090908,0,0,0,1,10
platform/external/rust/crates/thiserror,1957,0,0,0,0,0,0,3,0.0,1.5128205128205128,0,0,0,1,38
platform/external/rust/crates/thiserror-impl,1578,0,0,0,0,0,0,2,0.0,1.0,0,0,0,1,7
platform/external/rust/crates/thread_local,1096,0,0,0,22,1,3,2,20.985401459854014,1.0,0,0,0,1,4
platform/external/rust/crates/threadpool,1329,0,0,0,0,0,1,2,0.0,1.0,0,0,0,1,0
platform/external/rust/crates/tikv-jemallocator,871,0,0,0,28,1,10,2,33.295063145809415,1.0,0,0,0,1,10
platform/external/rust/crates/tikv-jemalloc-sys,993,1,0,1,3,0,3,2,5.0352467270896275,1.0,0,0,0,1,4
platform/external/rust/crates/time,3509,0,0,0,31,0,2,2,8.834425762325449,1.0,0,0,0,1,4
platform/external/rust/crates/time-macros,6,0,0,0,0,0,0,2,0.0,1.0,0,0,0,1,0
platform/external/rust/crates/time-macros-impl,619,0,0,0,0,0,1,3,0.0,1.2857142857142858,0,0,0,1,6
platform/external/rust/crates/tinyjson,1686,0,0,0,0,0,1,2,0.0,1.0,0,0,0,1,3
platform/external/rust/crates/tinytemplate,2475,0,0,0,0,0,0,2,0.0,1.0,0,0,0,1,6
platform/external/rust/crates/tinyvec,16380,0,0,0,0,0,3,3,0.0,1.1538461538461537,0,0,0,1,12
platform/external/rust/crates/tinyvec_macros,28,0,0,0,0,0,1,2,0.0,1.0,0,0,0,1,0
platform/external/rust/crates/tock-registers,1888,0,0,0,10,0,3,2,5.296610169491525,1.0,0,0,0,1,5
platform/external/rust/crates/tokio,114526,0,0,0,500,27,123,6,4.601575188166879,2.293279022403259,0,5,0,1,485
platform/external/rust/crates/tokio-io-timeout,628,0,0,0,0,0,0,2,0.0,1.0,0,0,0,1,0
platform/external/rust/crates/tokio-macros,1189,0,0,0,0,0,0,2,0.0,1.0,0,0,0,1,2
platform/external/rust/crates/tokio-openssl,393,0,0,0,7,0,1,2,17.811704834605596,0.6666666666666666,0,0,0,1,2
platform/external/rust/crates/tokio-stream,6111,0,0,0,0,0,2,3,0.0,1.5737704918032787,0,0,0,1,60
platform/external/rust/crates/tokio-test,1298,0,0,0,1,6,1,2,5.3929121725731894,1.0,0,0,0,1,6
platform/external/rust/crates/tokio-util,16659,0,0,0,19,0,8,4,1.140524641335014,1.7027027027027026,0,0,0,1,73
platform/external/rust/crates/toml,8298,0,0,0,0,0,1,3,0.0,1.4482758620689655,0,0,0,1,28
platform/external/rust/crates/toml_datetime,620,0,0,0,0,0,1,2,0.0,1.0,0,0,0,1,1
platform/external/rust/crates/toml_edit,15000,0,0,0,18,1,6,3,1.2666666666666666,1.603448275862069,0,0,0,1,57
platform/external/rust/crates/tonic,14114,0,0,0,9,0,5,4,0.6376647300552644,2.2131147540983607,0,0,0,1,60
platform/external/rust/crates/tower,14175,0,0,0,0,0,1,4,0.0,2.183333333333333,0,0,0,1,119
platform/external/rust/crates/tower-layer,655,0,0,0,0,0,1,2,0.0,1.0,0,0,0,1,4
platform/external/rust/crates/tower-service,389,0,0,0,0,0,1,2,0.0,1.0,0,0,0,1,0
platform/external/rust/crates/tracing,10721,0,0,0,5,0,2,2,0.4663744053726332,1.0,0,0,0,2,35
platform/external/rust/crates/tracing-attributes,4309,0,0,0,0,0,1,3,0.0,1.1176470588235294,0,0,0,1,16
platform/external/rust/crates/tracing-core,6359,0,0,0,18,0,7,3,2.830633747444567,1.2105263157894737,0,0,0,2,17
platform/external/rust/crates/tracing-subscriber,27333,0,0,0,4,0,7,4,0.14634324808839133,1.7866666666666666,0,0,0,1,74
platform/external/rust/crates/try-lock,268,0,0,0,5,0,1,2,18.656716417910445,1.0,0,0,0,1,0
platform/external/rust/crates/tungstenite,5136,0,0,0,1,0,1,4,0.19470404984423675,1.5555555555555556,0,0,0,1,26
platform/external/rust/crates/twox-hash,3207,0,0,0,8,0,2,3,2.494543186778921,1.1111111111111112,0,0,0,1,8
platform/external/rust/crates/ucd-trie,7057,0,0,0,0,0,0,2,0.0,1.0,0,0,0,1,3
platform/external/rust/crates/ucs2,428,0,0,0,6,1,2,2,16.355140186915886,1.0,0,0,0,1,2
platform/external/rust/crates/uefi,26884,0,0,0,475,21,59,5,18.449635470912064,2.5444444444444443,0,2,0,1,87
platform/external/rust/crates/uefi-macros,311,0,0,0,1,1,2,4,6.430868167202572,2.6666666666666665,0,0,0,1,11
platform/external/rust/crates/uefi-raw,3805,0,0,0,0,0,18,4,0.0,2.0588235294117645,0,1,0,1,32
platform/external/rust/crates/uguid,1143,0,0,0,0,0,1,3,0.0,1.2727272727272727,0,0,0,1,10
platform/external/rust/crates/unicode-bidi,5575,0,0,0,1,0,1,3,0.17937219730941703,1.1818181818181819,0,0,0,1,10
platform/external/rust/crates/unicode-ident,2040,0,0,0,2,0,1,3,0.9803921568627451,1.5454545454545454,0,0,0,1,10
platform/external/rust/crates/unicode-normalization,39501,0,0,0,3,0,2,2,0.075947444368497,1.0,0,0,0,1,13
platform/external/rust/crates/unicode-segmentation,10948,0,0,0,0,0,1,2,0.0,1.0,0,0,0,1,9
platform/external/rust/crates/unicode-width,860,0,0,0,0,0,1,2,0.0,1.0,0,0,0,1,2
platform/external/rust/crates/unicode-xid,1768,0,0,0,0,0,1,2,0.0,1.0,0,0,0,1,4
platform/external/rust/crates/uniffi,216,0,0,0,0,0,0,3,0.0,1.5,0,0,0,1,3
platform/external/rust/crates/uniffi_checksum_derive,138,0,0,0,0,0,0,2,0.0,1.0,0,0,0,1,0
platform/external/rust/crates/uniffi_core,3891,0,0,0,30,4,13,4,8.738113595476742,1.9444444444444444,0,0,0,1,17
platform/external/rust/crates/uniffi_macros,4556,0,0,0,7,0,9,3,1.5364354697102722,1.3333333333333333,0,0,0,1,17
platform/external/rust/crates/uniffi_meta,1717,0,0,0,0,0,0,2,0.0,1.0,0,0,0,1,5
platform/external/rust/crates/unsafe-libyaml,12561,0,0,0,9,208,17,4,17.275694610301727,1.25,0,0,0,1,19
platform/external/rust/crates/untrusted,479,0,0,0,0,0,1,2,0.0,1.0,0,0,0,0,2
platform/external/rust/crates/url,7421,0,0,0,0,0,0,2,0.0,1.0,0,0,0,1,9
platform/external/rust/crates/userfaultfd,1263,0,0,0,30,1,5,2,24.54473475851148,1.0,0,0,0,1,6
platform/external/rust/crates/userfaultfd-sys,1513,0,0,0,57,0,4,2,37.67349636483807,0.8333333333333334,0,0,0,1,5
platform/external/rust/crates/utf-8,672,0,0,0,3,0,2,2,4.464285714285714,1.0,0,0,0,1,4
platform/external/rust/crates/uuid,6605,0,0,0,10,0,3,3,1.514004542013626,1.1818181818181819,0,0,0,1,21
platform/external/rust/crates/v4l2r,14034,0,0,10,146,9,38,5,11.75716117999145,2.803030303030303,0,0,0,60,6
platform/external/rust/crates/vhost,8847,0,0,0,73,0,10,3,8.251384650163898,1.736842105263158,0,0,0,1,18
platform/external/rust/crates/vhost-device-vsock,3761,0,0,0,8,0,4,2,2.1270938580164853,1.0,0,0,0,0,8
platform/external/rust/crates/vhost-user-backend,2586,0,0,0,7,0,2,2,2.7068832173240525,1.0,0,0,0,1,5
platform/external/rust/crates/virtio-bindings,5775,0,0,0,331,0,7,3,57.316017316017316,1.2,0,0,0,1,9
platform/external/rust/crates/virtio-drivers,8597,0,0,0,107,0,16,4,12.446202163545422,2.24,0,0,0,1,24
platform/external/rust/crates/virtio-queue,3770,0,0,0,0,0,1,3,0.0,1.1,0,0,0,1,9
platform/external/rust/crates/virtio-vsock,1417,0,0,0,5,0,1,2,3.5285815102328866,1.0,0,0,0,1,1
platform/external/rust/crates/vm-memory,10151,0,0,0,112,0,11,4,11.033395724559156,1.4761904761904763,0,0,0,1,20
platform/external/rust/crates/vmm-sys-util,7331,1,0,0,111,7,15,3,16.23243759377984,1.6956521739130435,0,0,0,1,22
platform/external/rust/crates/vsock,487,0,0,0,5,0,1,2,10.266940451745379,1.0,0,0,0,1,1
platform/external/rust/crates/vsprintf,83,0,0,0,0,2,1,2,24.096385542168676,0.5,0,0,0,1,1
platform/external/rust/crates/vulkano,184203,0,0,0,471,2,95,5,2.56781919947015,2.215686274509804,0,0,0,2,151
platform/external/rust/crates/walkdir,3173,0,0,0,0,0,0,3,0.0,1.4285714285714286,0,0,0,1,6
platform/external/rust/crates/want,593,0,0,0,0,0,0,2,0.0,1.0,0,0,0,1,1
platform/external/rust/crates/weak-table,5263,0,0,0,0,0,0,2,0.0,1.0,0,0,0,1,14
platform/external/rust/crates/webpki,4208,0,0,0,0,0,0,3,0.0,1.1764705882352942,0,0,0,1,16
platform/external/rust/crates/which,1412,0,0,0,1,0,1,2,0.708215297450425,1.0,0,0,0,1,5
platform/external/rust/crates/winnow,30308,0,0,0,2,0,3,4,0.06598917777484493,1.9080459770114941,0,0,0,1,86
platform/external/rust/crates/x509-cert,6783,0,0,0,0,0,1,5,0.0,2.128205128205128,0,0,0,1,38
platform/external/rust/crates/x509-parser,5726,0,0,0,0,0,1,2,0.0,1.0,0,0,0,1,21
platform/external/rust/crates/xml-rs,6786,0,0,0,0,0,2,4,0.0,1.9310344827586208,0,0,0,1,28
platform/external/rust/crates/yaml-rust,4807,0,0,0,0,0,0,2,0.0,1.0,0,0,0,1,8
platform/external/rust/crates/zerocopy,14607,0,0,0,76,2,5,4,5.339905524748408,1.9716312056737588,0,0,0,1,140
platform/external/rust/crates/zerocopy-derive,4909,0,0,0,1,0,1,3,0.20370747606437156,1.4883720930232558,0,0,0,1,42
platform/external/rust/crates/zeroize,1452,0,0,0,23,1,5,2,16.528925619834713,1.0,0,0,0,1,4
platform/external/rust/crates/zeroize_derive,869,0,0,0,0,0,1,2,0.0,1.0,0,0,0,1,0
platform/external/rust/crates/zip,6522,0,0,0,0,0,0,3,0.0,1.0344827586206897,0,0,0,1,28
platform/external/rust/crates/zune-inflate,3009,0,0,0,0,0,0,3,0.0,1.1818181818181819,0,0,0,1,10
platform/external/rust/cros-libva,7413,0,0,0,57,0,10,4,7.689194658033185,2.1904761904761907,0,0,0,20,1
platform/external/rust/cxx,21456,2,0,3,190,26,63,4,10.300149142431021,1.7526315789473683,0,0,0,10,180
platform/external/rust/pica,3790,0,0,0,0,0,0,4,0.0,1.3636363636363635,0,0,0,1,10
platform/external/skia,3726,0,0,0,2,3,4,5,1.3419216317767044,3.0,0,0,0,3,7
platform/external/stg,73,0,0,5,0,0,5,4,68.4931506849315,3.0,0,0,0,0,6
platform/external/toolchain-utils,2072,0,0,0,0,0,0,4,0.0,2.8,0,0,0,0,5
platform/external/uwb,21722,0,0,0,0,0,0,6,0.0,4.56,0,0,0,3,47
platform/external/vboot_reference,122,0,0,0,0,0,0,3,0.0,2.0,0,0,0,1,1
platform/external/virtio-media,8878,0,0,0,70,0,11,5,7.884658706915973,2.761904761904762,0,0,0,2,19
platform/frameworks/compile/libbcc,315,0,0,0,0,0,0,4,0.0,3.0,0,0,0,0,8
platform/frameworks/proto_logging,9,0,0,0,0,0,1,3,0.0,2.0,0,0,0,0,2
platform/hardware/google/pixel,34,0,0,0,1,0,1,2,29.41176470588235,1.0,0,0,0,0,1
platform/packages/modules/Bluetooth,74045,1,0,18,163,14,29,8,2.6470389627928963,5.024875621890548,0,0,0,16,185
platform/packages/modules/ConfigInfrastructure,5725,0,0,0,14,0,3,4,2.445414847161572,2.076923076923077,0,0,0,2,11
platform/packages/modules/Connectivity,463,0,0,3,3,0,3,5,12.958963282937365,4.0,0,0,0,1,5
platform/packages/modules/DnsResolver,3879,0,0,22,22,7,6,5,13.147718484145399,2.272727272727273,0,3,0,1,18
platform/packages/modules/Nfc,5246,0,0,0,1,0,2,6,0.19062142584826536,4.0,0,0,0,14,0
platform/packages/modules/SdkExtensions,228,0,0,0,0,0,0,2,0.0,1.0,0,0,0,0,1
platform/packages/modules/Uwb,5805,0,0,48,50,2,7,5,17.226528854435834,3.5,0,0,0,2,12
platform/packages/modules/Virtualization,59797,1,0,88,394,53,95,7,8.963660384300216,3.314189189189189,0,1,0,158,137
platform/packages/wallpapers/HoloSpiral,156,0,0,0,0,0,0,6,0.0,5.0,0,0,0,0,1
platform/packages/wallpapers/MagicSmoke,404,0,0,0,0,0,0,5,0.0,4.0,0,0,0,0,1
platform/packages/wallpapers/MusicVisualization,601,0,0,0,0,0,0,6,0.0,4.666666666666667,0,0,0,0,3
platform/packages/wallpapers/NoiseField,282,0,0,0,0,0,0,5,0.0,4.0,0,0,0,0,1
platform/packages/wallpapers/PhaseBeam,176,0,0,0,0,0,0,5,0.0,4.0,0,0,0,0,1
platform/platform_testing,459,0,0,0,0,0,0,5,0.0,3.1666666666666665,0,0,0,5,1
platform/system/apex,190,0,0,4,4,4,1,4,63.15789473684211,3.0,0,0,0,2,0
platform/system/authgraph,7412,0,0,0,0,0,0,3,0.0,2.0,0,0,0,7,17
platform/system/core,5461,0,0,0,24,1,5,6,4.577916132576451,3.7222222222222223,0,0,0,15,3
platform/system/cros-codecs,48871,0,0,0,71,2,15,6,1.4937283869779625,2.808333333333333,0,0,0,1,119
platform/system/extras,3770,1,0,0,34,0,3,4,9.283819628647215,2.3157894736842106,0,0,0,17,2
platform/system/keymint,23392,0,0,0,27,0,7,5,1.1542407660738714,2.36231884057971,0,0,0,7,62
platform/system/libfmq,851,0,0,1,21,1,3,4,27.027027027027028,1.6,0,0,0,1,4
platform/system/librustutils,1062,0,0,0,22,1,3,2,21.657250470809792,0.25,0,0,0,1,7
platform/system/logging,656,0,0,0,10,0,1,3,15.24390243902439,1.625,0,0,0,1,7
platform/system/memory/mmd,5926,0,0,0,5,0,3,4,0.8437394532568343,1.7272727272727273,0,0,0,1,21
platform/system/secretkeeper,4377,0,0,0,0,0,0,4,0.0,2.3333333333333335,0,0,0,6,18
platform/system/secure_element,1251,0,0,0,0,0,0,4,0.0,2.5,0,0,0,1,3
platform/system/security,50865,1,0,0,148,7,25,5,3.06694190504276,2.409090909090909,0,0,0,16,94
platform/system/see/authmgr,3099,0,0,0,0,0,0,4,0.0,2.0833333333333335,0,0,0,4,8
platform/system/sepolicy,40,0,0,1,0,0,1,4,25.0,3.0,0,0,0,1,0
platform/system/server_configurable_flags,221,0,0,0,2,0,3,3,9.04977375565611,1.6666666666666667,0,0,0,1,2
platform/system/tools/aidl,33682,0,0,0,6,0,91,12,0.1781366902202957,7.551020408163265,0,0,0,0,98
platform/system/tools/mkbootimg,392,0,0,0,0,0,0,2,0.0,1.0,0,0,0,0,1
platform/system/usb_info_tools,1636,0,0,0,0,0,0,3,0.0,2.0,0,0,0,0,4
platform/tools/adt/idea,146,0,0,0,0,0,0,12,0.0,7.5,0,0,0,0,2
platform/tools/asuite,4666,0,0,0,0,0,0,4,0.0,2.125,0,0,0,1,15
platform/tools/base,1021,0,0,0,0,0,0,14,0.0,7.761904761904762,0,0,0,0,21
platform/tools/build,1374,0,0,0,0,0,0,12,0.0,6.285714285714286,0,0,0,0,21
platform/tools/netsim,333134,7228,0,2,17249,16,20,6,73.5289703242539,3.5179856115107913,0,0,0,21,118
platform/tools/security,7957,0,0,0,1,0,2,6,0.12567550584391105,3.5945945945945947,0,0,0,2,35
tee/optee/ta/keymint,5541,0,0,10,9,1,11,3,3.6094567767550982,1.6,0,0,0,0,25
toolchain/gdb,1094,0,0,2,0,0,2,5,1.8281535648994516,4.0,0,0,0,0,14
toolchain/llvm-project,161,0,0,0,1,0,1,7,6.211180124223602,6.0,0,0,0,0,1
trusty/app/keymint,7164,0,0,0,3,0,2,2,0.4187604690117253,0.23529411764705882,0,0,0,3,14
trusty/app/sample,9637,0,0,1,23,0,7,4,2.490401577254332,1.9411764705882353,0,0,0,8,26
trusty/app/secretkeeper,570,0,0,0,0,0,0,2,0.0,0.25,0,0,0,1,3
trusty/external/qemu-keycodemapdb,28,0,0,0,0,0,0,4,0.0,3.0,0,0,0,0,1
trusty/host/aidl,30060,0,0,0,6,0,91,12,0.1996007984031936,7.787234042553192,0,0,0,0,94
trusty/lk/trusty,1227,1,0,0,40,3,8,6,35.85982070089649,3.5555555555555554,0,0,0,9,0
